experiment_name,instrument_type,sample_id,sample_name,i7_index_id,i7_index,i5_index_id,i5_index,sample_sheet,project,run_folder,subsample,subsampleSeed,cell_type,chain,inputType,trim_primers,checkSpikein,umi_mode,umi1,umi2,umi_type,vPrimerRef,jPrimerRef,vGeneRef,jGeneRef,primerRef,geneRef,spikeRef,vGeneScore,vGeneKmer,vGeneFrac,jGeneScore,jGeneKmer,jGeneFrac,vPrimScore,vPrimKmer,vPrimFrac,jPrimScore,jPrimKmer,jPrimFrac,spikeScore,spikeKmer,spikeFrac,min_read_qual,minGeneIdentity,max_cdr3_length,bidding_ratio,max_steps,umi_edit_dist,cdr3_edit_dist,max_cdr3_len,swifr
iPETE_V2_Exp56_LibPool11_NextSeq_Run7_031320,NextSeq,Lib1_Exp56_Strp1_1,PBB_IGH_1_10x_20x_LibAmp3,i7_sg1,TGGATCGA,i5_sg1,AGCTAGGT,/sc1/groups/pls-redbfx/immunoPETE/develop/Daedalus/data/iPETEV2_Expt56_LibPool11_NexSeq_Run7_031320_MANIFEST.csv,OmicsBricks_ipeteV2_Expt56_testRun,/sc1/raw/illumina/nextseq/200313_NB551443_0103_AH3TJ5AFX2,100000,100,All,All,DNA,true,false,true,,NNNNNNNNN,R2,/sc1/groups/pls-redbfx/immunoPETE/develop/Daedalus/data/Vprimers.fasta,/sc1/groups/pls-redbfx/immunoPETE/develop/Daedalus/data/Jprimers.fasta,/sc1/groups/pls-redbfx/immunoPETE/develop/Daedalus/data/Vgenes_cdna.fasta,/sc1/groups/pls-redbfx/immunoPETE/develop/Daedalus/data/Jgenes_cdna.fasta,/sc1/groups/pls-redbfx/immunoPETE/develop/Daedalus/data/V2.2_primers.csv,/sc1/groups/pls-redbfx/immunoPETE/develop/Daedalus/data/VJref.csv,/sc1/groups/pls-redbfx/immunoPETE/develop/Daedalus/data/synthetic_seqs_fixed.fasta,30,14,3,20,12,0.3,16,12,0.6,16,12,0.6,40,12,0.4,30,90,100,2,2,1,1,100,/sc1/groups/pls-redbfx/immunoPETE/swifr/bin/swifr2
iPETE_V2_Exp56_LibPool11_NextSeq_Run7_031320,NextSeq,Lib2_Exp56_Strp1_2,PBB_IGH_2_10x_20x_LibAmp3,i7_sg2,CAAGCTAG,i5_sg2,GATCGAAC,/sc1/groups/pls-redbfx/immunoPETE/develop/Daedalus/data/iPETEV2_Expt56_LibPool11_NexSeq_Run7_031320_MANIFEST.csv,OmicsBricks_ipeteV2_Expt56_testRun,/sc1/raw/illumina/nextseq/200313_NB551443_0103_AH3TJ5AFX2,100000,100,All,All,DNA,true,false,true,,NNNNNNNNN,R2,/sc1/groups/pls-redbfx/immunoPETE/develop/Daedalus/data/Vprimers.fasta,/sc1/groups/pls-redbfx/immunoPETE/develop/Daedalus/data/Jprimers.fasta,/sc1/groups/pls-redbfx/immunoPETE/develop/Daedalus/data/Vgenes_cdna.fasta,/sc1/groups/pls-redbfx/immunoPETE/develop/Daedalus/data/Jgenes_cdna.fasta,/sc1/groups/pls-redbfx/immunoPETE/develop/Daedalus/data/V2.2_primers.csv,/sc1/groups/pls-redbfx/immunoPETE/develop/Daedalus/data/VJref.csv,/sc1/groups/pls-redbfx/immunoPETE/develop/Daedalus/data/synthetic_seqs_fixed.fasta,30,14,3,20,12,0.3,16,12,0.6,16,12,0.6,40,12,0.4,30,90,100,2,2,1,1,100,/sc1/groups/pls-redbfx/immunoPETE/swifr/bin/swifr2
iPETE_V2_Exp56_LibPool11_NextSeq_Run7_031320,NextSeq,Lib3_Exp56_Strp1_3,PBB_IGH_3_10x_20x_LibAmp3,i7_sg3,GTACCAAG,i5_sg3,GAACCATG,/sc1/groups/pls-redbfx/immunoPETE/develop/Daedalus/data/iPETEV2_Expt56_LibPool11_NexSeq_Run7_031320_MANIFEST.csv,OmicsBricks_ipeteV2_Expt56_testRun,/sc1/raw/illumina/nextseq/200313_NB551443_0103_AH3TJ5AFX2,100000,100,All,All,DNA,true,false,true,,NNNNNNNNN,R2,/sc1/groups/pls-redbfx/immunoPETE/develop/Daedalus/data/Vprimers.fasta,/sc1/groups/pls-redbfx/immunoPETE/develop/Daedalus/data/Jprimers.fasta,/sc1/groups/pls-redbfx/immunoPETE/develop/Daedalus/data/Vgenes_cdna.fasta,/sc1/groups/pls-redbfx/immunoPETE/develop/Daedalus/data/Jgenes_cdna.fasta,/sc1/groups/pls-redbfx/immunoPETE/develop/Daedalus/data/V2.2_primers.csv,/sc1/groups/pls-redbfx/immunoPETE/develop/Daedalus/data/VJref.csv,/sc1/groups/pls-redbfx/immunoPETE/develop/Daedalus/data/synthetic_seqs_fixed.fasta,30,14,3,20,12,0.3,16,12,0.6,16,12,0.6,40,12,0.4,30,90,100,2,2,1,1,100,/sc1/groups/pls-redbfx/immunoPETE/swifr/bin/swifr2
iPETE_V2_Exp56_LibPool11_NextSeq_Run7_031320,NextSeq,Lib4_Exp56_Strp1_4,PBB_IGH_4_10x_20x_LibAmp3,i7_sg4,ACGTTGGA,i5_sg4,AGGTTGCA,/sc1/groups/pls-redbfx/immunoPETE/develop/Daedalus/data/iPETEV2_Expt56_LibPool11_NexSeq_Run7_031320_MANIFEST.csv,OmicsBricks_ipeteV2_Expt56_testRun,/sc1/raw/illumina/nextseq/200313_NB551443_0103_AH3TJ5AFX2,100000,100,All,All,DNA,true,false,true,,NNNNNNNNN,R2,/sc1/groups/pls-redbfx/immunoPETE/develop/Daedalus/data/Vprimers.fasta,/sc1/groups/pls-redbfx/immunoPETE/develop/Daedalus/data/Jprimers.fasta,/sc1/groups/pls-redbfx/immunoPETE/develop/Daedalus/data/Vgenes_cdna.fasta,/sc1/groups/pls-redbfx/immunoPETE/develop/Daedalus/data/Jgenes_cdna.fasta,/sc1/groups/pls-redbfx/immunoPETE/develop/Daedalus/data/V2.2_primers.csv,/sc1/groups/pls-redbfx/immunoPETE/develop/Daedalus/data/VJref.csv,/sc1/groups/pls-redbfx/immunoPETE/develop/Daedalus/data/synthetic_seqs_fixed.fasta,30,14,3,20,12,0.3,16,12,0.6,16,12,0.6,40,12,0.4,30,90,100,2,2,1,1,100,/sc1/groups/pls-redbfx/immunoPETE/swifr/bin/swifr2
iPETE_V2_Exp56_LibPool11_NextSeq_Run7_031320,NextSeq,Lib5_Exp56_Strp1_5,PanT_TRB_1_10x_20x_LibAmp3,i7_sg5,TCGTGGTA,i5_sg5,ATGGTGCT,/sc1/groups/pls-redbfx/immunoPETE/develop/Daedalus/data/iPETEV2_Expt56_LibPool11_NexSeq_Run7_031320_MANIFEST.csv,OmicsBricks_ipeteV2_Expt56_testRun,/sc1/raw/illumina/nextseq/200313_NB551443_0103_AH3TJ5AFX2,100000,100,All,All,DNA,true,false,true,,NNNNNNNNN,R2,/sc1/groups/pls-redbfx/immunoPETE/develop/Daedalus/data/Vprimers.fasta,/sc1/groups/pls-redbfx/immunoPETE/develop/Daedalus/data/Jprimers.fasta,/sc1/groups/pls-redbfx/immunoPETE/develop/Daedalus/data/Vgenes_cdna.fasta,/sc1/groups/pls-redbfx/immunoPETE/develop/Daedalus/data/Jgenes_cdna.fasta,/sc1/groups/pls-redbfx/immunoPETE/develop/Daedalus/data/V2.2_primers.csv,/sc1/groups/pls-redbfx/immunoPETE/develop/Daedalus/data/VJref.csv,/sc1/groups/pls-redbfx/immunoPETE/develop/Daedalus/data/synthetic_seqs_fixed.fasta,30,14,3,20,12,0.3,16,12,0.6,16,12,0.6,40,12,0.4,30,90,100,2,2,1,1,100,/sc1/groups/pls-redbfx/immunoPETE/swifr/bin/swifr2
iPETE_V2_Exp56_LibPool11_NextSeq_Run7_031320,NextSeq,Lib6_Exp56_Strp1_6,PanT_TRB_2_10x_20x_LibAmp3,i7_sg6,CTACAACG,i5_sg6,GCAACATC,/sc1/groups/pls-redbfx/immunoPETE/develop/Daedalus/data/iPETEV2_Expt56_LibPool11_NexSeq_Run7_031320_MANIFEST.csv,OmicsBricks_ipeteV2_Expt56_testRun,/sc1/raw/illumina/nextseq/200313_NB551443_0103_AH3TJ5AFX2,100000,100,All,All,DNA,true,false,true,,NNNNNNNNN,R2,/sc1/groups/pls-redbfx/immunoPETE/develop/Daedalus/data/Vprimers.fasta,/sc1/groups/pls-redbfx/immunoPETE/develop/Daedalus/data/Jprimers.fasta,/sc1/groups/pls-redbfx/immunoPETE/develop/Daedalus/data/Vgenes_cdna.fasta,/sc1/groups/pls-redbfx/immunoPETE/develop/Daedalus/data/Jgenes_cdna.fasta,/sc1/groups/pls-redbfx/immunoPETE/develop/Daedalus/data/V2.2_primers.csv,/sc1/groups/pls-redbfx/immunoPETE/develop/Daedalus/data/VJref.csv,/sc1/groups/pls-redbfx/immunoPETE/develop/Daedalus/data/synthetic_seqs_fixed.fasta,30,14,3,20,12,0.3,16,12,0.6,16,12,0.6,40,12,0.4,30,90,100,2,2,1,1,100,/sc1/groups/pls-redbfx/immunoPETE/swifr/bin/swifr2
iPETE_V2_Exp56_LibPool11_NextSeq_Run7_031320,NextSeq,Lib7_Exp56_Strp1_7,PanT_TRB_3_10x_20x_LibAmp3,i7_sg7,GTTCAAGG,i5_sg7,GGAACTTG,/sc1/groups/pls-redbfx/immunoPETE/develop/Daedalus/data/iPETEV2_Expt56_LibPool11_NexSeq_Run7_031320_MANIFEST.csv,OmicsBricks_ipeteV2_Expt56_testRun,/sc1/raw/illumina/nextseq/200313_NB551443_0103_AH3TJ5AFX2,100000,100,All,All,DNA,true,false,true,,NNNNNNNNN,R2,/sc1/groups/pls-redbfx/immunoPETE/develop/Daedalus/data/Vprimers.fasta,/sc1/groups/pls-redbfx/immunoPETE/develop/Daedalus/data/Jprimers.fasta,/sc1/groups/pls-redbfx/immunoPETE/develop/Daedalus/data/Vgenes_cdna.fasta,/sc1/groups/pls-redbfx/immunoPETE/develop/Daedalus/data/Jgenes_cdna.fasta,/sc1/groups/pls-redbfx/immunoPETE/develop/Daedalus/data/V2.2_primers.csv,/sc1/groups/pls-redbfx/immunoPETE/develop/Daedalus/data/VJref.csv,/sc1/groups/pls-redbfx/immunoPETE/develop/Daedalus/data/synthetic_seqs_fixed.fasta,30,14,3,20,12,0.3,16,12,0.6,16,12,0.6,40,12,0.4,30,90,100,2,2,1,1,100,/sc1/groups/pls-redbfx/immunoPETE/swifr/bin/swifr2
iPETE_V2_Exp56_LibPool11_NextSeq_Run7_031320,NextSeq,Lib8_Exp56_Strp1_8,PanT_TRB_4_10x_20x_LibAmp3,i7_sg8,ACCTGGAA,i5_sg8,AAGGTCCA,/sc1/groups/pls-redbfx/immunoPETE/develop/Daedalus/data/iPETEV2_Expt56_LibPool11_NexSeq_Run7_031320_MANIFEST.csv,OmicsBricks_ipeteV2_Expt56_testRun,/sc1/raw/illumina/nextseq/200313_NB551443_0103_AH3TJ5AFX2,100000,100,All,All,DNA,true,false,true,,NNNNNNNNN,R2,/sc1/groups/pls-redbfx/immunoPETE/develop/Daedalus/data/Vprimers.fasta,/sc1/groups/pls-redbfx/immunoPETE/develop/Daedalus/data/Jprimers.fasta,/sc1/groups/pls-redbfx/immunoPETE/develop/Daedalus/data/Vgenes_cdna.fasta,/sc1/groups/pls-redbfx/immunoPETE/develop/Daedalus/data/Jgenes_cdna.fasta,/sc1/groups/pls-redbfx/immunoPETE/develop/Daedalus/data/V2.2_primers.csv,/sc1/groups/pls-redbfx/immunoPETE/develop/Daedalus/data/VJref.csv,/sc1/groups/pls-redbfx/immunoPETE/develop/Daedalus/data/synthetic_seqs_fixed.fasta,30,14,3,20,12,0.3,16,12,0.6,16,12,0.6,40,12,0.4,30,90,100,2,2,1,1,100,/sc1/groups/pls-redbfx/immunoPETE/swifr/bin/swifr2
iPETE_V2_Exp56_LibPool11_NextSeq_Run7_031320,NextSeq,Lib9_Exp56_Strp2_1,Hut78_TRB_1_10x_20x_LibAmp3,i7_sg9,TCTTAGCG,i5_sg9,GCGATTCT,/sc1/groups/pls-redbfx/immunoPETE/develop/Daedalus/data/iPETEV2_Expt56_LibPool11_NexSeq_Run7_031320_MANIFEST.csv,OmicsBricks_ipeteV2_Expt56_testRun,/sc1/raw/illumina/nextseq/200313_NB551443_0103_AH3TJ5AFX2,100000,100,All,All,DNA,true,false,true,,NNNNNNNNN,R2,/sc1/groups/pls-redbfx/immunoPETE/develop/Daedalus/data/Vprimers.fasta,/sc1/groups/pls-redbfx/immunoPETE/develop/Daedalus/data/Jprimers.fasta,/sc1/groups/pls-redbfx/immunoPETE/develop/Daedalus/data/Vgenes_cdna.fasta,/sc1/groups/pls-redbfx/immunoPETE/develop/Daedalus/data/Jgenes_cdna.fasta,/sc1/groups/pls-redbfx/immunoPETE/develop/Daedalus/data/V2.2_primers.csv,/sc1/groups/pls-redbfx/immunoPETE/develop/Daedalus/data/VJref.csv,/sc1/groups/pls-redbfx/immunoPETE/develop/Daedalus/data/synthetic_seqs_fixed.fasta,30,14,3,20,12,0.3,16,12,0.6,16,12,0.6,40,12,0.4,30,90,100,2,2,1,1,100,/sc1/groups/pls-redbfx/immunoPETE/swifr/bin/swifr2
iPETE_V2_Exp56_LibPool11_NextSeq_Run7_031320,NextSeq,Lib11_Exp56_Strp3_1,PBB_IGH_1_6x_24x_LibAmp4,i7_sg13,TCTACAGG,i5_sg13,GGACATCT,/sc1/groups/pls-redbfx/immunoPETE/develop/Daedalus/data/iPETEV2_Expt56_LibPool11_NexSeq_Run7_031320_MANIFEST.csv,OmicsBricks_ipeteV2_Expt56_testRun,/sc1/raw/illumina/nextseq/200313_NB551443_0103_AH3TJ5AFX2,100000,100,All,All,DNA,true,false,true,,NNNNNNNNN,R2,/sc1/groups/pls-redbfx/immunoPETE/develop/Daedalus/data/Vprimers.fasta,/sc1/groups/pls-redbfx/immunoPETE/develop/Daedalus/data/Jprimers.fasta,/sc1/groups/pls-redbfx/immunoPETE/develop/Daedalus/data/Vgenes_cdna.fasta,/sc1/groups/pls-redbfx/immunoPETE/develop/Daedalus/data/Jgenes_cdna.fasta,/sc1/groups/pls-redbfx/immunoPETE/develop/Daedalus/data/V2.2_primers.csv,/sc1/groups/pls-redbfx/immunoPETE/develop/Daedalus/data/VJref.csv,/sc1/groups/pls-redbfx/immunoPETE/develop/Daedalus/data/synthetic_seqs_fixed.fasta,30,14,3,20,12,0.3,16,12,0.6,16,12,0.6,40,12,0.4,30,90,100,2,2,1,1,100,/sc1/groups/pls-redbfx/immunoPETE/swifr/bin/swifr2
iPETE_V2_Exp56_LibPool11_NextSeq_Run7_031320,NextSeq,Lib12_Exp56_Strp3_2,PBB_IGH_2_6X_24X_LibAmp4,i7_sg14,CTCGTGAA,i5_sg14,AAGTGCTC,/sc1/groups/pls-redbfx/immunoPETE/develop/Daedalus/data/iPETEV2_Expt56_LibPool11_NexSeq_Run7_031320_MANIFEST.csv,OmicsBricks_ipeteV2_Expt56_testRun,/sc1/raw/illumina/nextseq/200313_NB551443_0103_AH3TJ5AFX2,100000,100,All,All,DNA,true,false,true,,NNNNNNNNN,R2,/sc1/groups/pls-redbfx/immunoPETE/develop/Daedalus/data/Vprimers.fasta,/sc1/groups/pls-redbfx/immunoPETE/develop/Daedalus/data/Jprimers.fasta,/sc1/groups/pls-redbfx/immunoPETE/develop/Daedalus/data/Vgenes_cdna.fasta,/sc1/groups/pls-redbfx/immunoPETE/develop/Daedalus/data/Jgenes_cdna.fasta,/sc1/groups/pls-redbfx/immunoPETE/develop/Daedalus/data/V2.2_primers.csv,/sc1/groups/pls-redbfx/immunoPETE/develop/Daedalus/data/VJref.csv,/sc1/groups/pls-redbfx/immunoPETE/develop/Daedalus/data/synthetic_seqs_fixed.fasta,30,14,3,20,12,0.3,16,12,0.6,16,12,0.6,40,12,0.4,30,90,100,2,2,1,1,100,/sc1/groups/pls-redbfx/immunoPETE/swifr/bin/swifr2
iPETE_V2_Exp56_LibPool11_NextSeq_Run7_031320,NextSeq,Lib13_Exp56_Strp3_3,PBB_IGH_3_6X_24X_LibAmp4,i7_sg15,GTTCGGAT,i5_sg15,TAGGCTTG,/sc1/groups/pls-redbfx/immunoPETE/develop/Daedalus/data/iPETEV2_Expt56_LibPool11_NexSeq_Run7_031320_MANIFEST.csv,OmicsBricks_ipeteV2_Expt56_testRun,/sc1/raw/illumina/nextseq/200313_NB551443_0103_AH3TJ5AFX2,100000,100,All,All,DNA,true,false,true,,NNNNNNNNN,R2,/sc1/groups/pls-redbfx/immunoPETE/develop/Daedalus/data/Vprimers.fasta,/sc1/groups/pls-redbfx/immunoPETE/develop/Daedalus/data/Jprimers.fasta,/sc1/groups/pls-redbfx/immunoPETE/develop/Daedalus/data/Vgenes_cdna.fasta,/sc1/groups/pls-redbfx/immunoPETE/develop/Daedalus/data/Jgenes_cdna.fasta,/sc1/groups/pls-redbfx/immunoPETE/develop/Daedalus/data/V2.2_primers.csv,/sc1/groups/pls-redbfx/immunoPETE/develop/Daedalus/data/VJref.csv,/sc1/groups/pls-redbfx/immunoPETE/develop/Daedalus/data/synthetic_seqs_fixed.fasta,30,14,3,20,12,0.3,16,12,0.6,16,12,0.6,40,12,0.4,30,90,100,2,2,1,1,100,/sc1/groups/pls-redbfx/immunoPETE/swifr/bin/swifr2
iPETE_V2_Exp56_LibPool11_NextSeq_Run7_031320,NextSeq,Lib14_Exp56_Strp3_4,PBB_IGH_4_6X_24X_LibAmp4,i7_sg16,ACCTAAGC,i5_sg16,CGAATCCA,/sc1/groups/pls-redbfx/immunoPETE/develop/Daedalus/data/iPETEV2_Expt56_LibPool11_NexSeq_Run7_031320_MANIFEST.csv,OmicsBricks_ipeteV2_Expt56_testRun,/sc1/raw/illumina/nextseq/200313_NB551443_0103_AH3TJ5AFX2,100000,100,All,All,DNA,true,false,true,,NNNNNNNNN,R2,/sc1/groups/pls-redbfx/immunoPETE/develop/Daedalus/data/Vprimers.fasta,/sc1/groups/pls-redbfx/immunoPETE/develop/Daedalus/data/Jprimers.fasta,/sc1/groups/pls-redbfx/immunoPETE/develop/Daedalus/data/Vgenes_cdna.fasta,/sc1/groups/pls-redbfx/immunoPETE/develop/Daedalus/data/Jgenes_cdna.fasta,/sc1/groups/pls-redbfx/immunoPETE/develop/Daedalus/data/V2.2_primers.csv,/sc1/groups/pls-redbfx/immunoPETE/develop/Daedalus/data/VJref.csv,/sc1/groups/pls-redbfx/immunoPETE/develop/Daedalus/data/synthetic_seqs_fixed.fasta,30,14,3,20,12,0.3,16,12,0.6,16,12,0.6,40,12,0.4,30,90,100,2,2,1,1,100,/sc1/groups/pls-redbfx/immunoPETE/swifr/bin/swifr2
iPETE_V2_Exp56_LibPool11_NextSeq_Run7_031320,NextSeq,Lib15_Exp56_Strp3_5,PanT_TRB_1_6X_24X_LibAmp4,i7_sg17,GTTGACTG,i5_sg17,GTCAGTTG,/sc1/groups/pls-redbfx/immunoPETE/develop/Daedalus/data/iPETEV2_Expt56_LibPool11_NexSeq_Run7_031320_MANIFEST.csv,OmicsBricks_ipeteV2_Expt56_testRun,/sc1/raw/illumina/nextseq/200313_NB551443_0103_AH3TJ5AFX2,100000,100,All,All,DNA,true,false,true,,NNNNNNNNN,R2,/sc1/groups/pls-redbfx/immunoPETE/develop/Daedalus/data/Vprimers.fasta,/sc1/groups/pls-redbfx/immunoPETE/develop/Daedalus/data/Jprimers.fasta,/sc1/groups/pls-redbfx/immunoPETE/develop/Daedalus/data/Vgenes_cdna.fasta,/sc1/groups/pls-redbfx/immunoPETE/develop/Daedalus/data/Jgenes_cdna.fasta,/sc1/groups/pls-redbfx/immunoPETE/develop/Daedalus/data/V2.2_primers.csv,/sc1/groups/pls-redbfx/immunoPETE/develop/Daedalus/data/VJref.csv,/sc1/groups/pls-redbfx/immunoPETE/develop/Daedalus/data/synthetic_seqs_fixed.fasta,30,14,3,20,12,0.3,16,12,0.6,16,12,0.6,40,12,0.4,30,90,100,2,2,1,1,100,/sc1/groups/pls-redbfx/immunoPETE/swifr/bin/swifr2
iPETE_V2_Exp56_LibPool11_NextSeq_Run7_031320,NextSeq,Lib17_Exp56_Strp3_7,PanT_TRB_3_6X_24X_LibAmp4,i7_sg19,TACCGGAA,i5_sg19,AAGGCCAT,/sc1/groups/pls-redbfx/immunoPETE/develop/Daedalus/data/iPETEV2_Expt56_LibPool11_NexSeq_Run7_031320_MANIFEST.csv,OmicsBricks_ipeteV2_Expt56_testRun,/sc1/raw/illumina/nextseq/200313_NB551443_0103_AH3TJ5AFX2,100000,100,All,All,DNA,true,false,true,,NNNNNNNNN,R2,/sc1/groups/pls-redbfx/immunoPETE/develop/Daedalus/data/Vprimers.fasta,/sc1/groups/pls-redbfx/immunoPETE/develop/Daedalus/data/Jprimers.fasta,/sc1/groups/pls-redbfx/immunoPETE/develop/Daedalus/data/Vgenes_cdna.fasta,/sc1/groups/pls-redbfx/immunoPETE/develop/Daedalus/data/Jgenes_cdna.fasta,/sc1/groups/pls-redbfx/immunoPETE/develop/Daedalus/data/V2.2_primers.csv,/sc1/groups/pls-redbfx/immunoPETE/develop/Daedalus/data/VJref.csv,/sc1/groups/pls-redbfx/immunoPETE/develop/Daedalus/data/synthetic_seqs_fixed.fasta,30,14,3,20,12,0.3,16,12,0.6,16,12,0.6,40,12,0.4,30,90,100,2,2,1,1,100,/sc1/groups/pls-redbfx/immunoPETE/swifr/bin/swifr2
iPETE_V2_Exp56_LibPool11_NextSeq_Run7_031320,NextSeq,Lib18_Exp56_Strp3_8,PanT_TRB_4_6X_24X_LibAmp4,i7_sg20,CGTTAAGG,i5_sg20,GGAATTGC,/sc1/groups/pls-redbfx/immunoPETE/develop/Daedalus/data/iPETEV2_Expt56_LibPool11_NexSeq_Run7_031320_MANIFEST.csv,OmicsBricks_ipeteV2_Expt56_testRun,/sc1/raw/illumina/nextseq/200313_NB551443_0103_AH3TJ5AFX2,100000,100,All,All,DNA,true,false,true,,NNNNNNNNN,R2,/sc1/groups/pls-redbfx/immunoPETE/develop/Daedalus/data/Vprimers.fasta,/sc1/groups/pls-redbfx/immunoPETE/develop/Daedalus/data/Jprimers.fasta,/sc1/groups/pls-redbfx/immunoPETE/develop/Daedalus/data/Vgenes_cdna.fasta,/sc1/groups/pls-redbfx/immunoPETE/develop/Daedalus/data/Jgenes_cdna.fasta,/sc1/groups/pls-redbfx/immunoPETE/develop/Daedalus/data/V2.2_primers.csv,/sc1/groups/pls-redbfx/immunoPETE/develop/Daedalus/data/VJref.csv,/sc1/groups/pls-redbfx/immunoPETE/develop/Daedalus/data/synthetic_seqs_fixed.fasta,30,14,3,20,12,0.3,16,12,0.6,16,12,0.6,40,12,0.4,30,90,100,2,2,1,1,100,/sc1/groups/pls-redbfx/immunoPETE/swifr/bin/swifr2
iPETE_V2_Exp56_LibPool11_NextSeq_Run7_031320,NextSeq,Lib19_Exp56_Strp4_1,Hut78_TRB_1_6X_24X_LibAmp4,i7_sg21,GCTATGTC,i5_sg21,CTGTATCG,/sc1/groups/pls-redbfx/immunoPETE/develop/Daedalus/data/iPETEV2_Expt56_LibPool11_NexSeq_Run7_031320_MANIFEST.csv,OmicsBricks_ipeteV2_Expt56_testRun,/sc1/raw/illumina/nextseq/200313_NB551443_0103_AH3TJ5AFX2,100000,100,All,All,DNA,true,false,true,,NNNNNNNNN,R2,/sc1/groups/pls-redbfx/immunoPETE/develop/Daedalus/data/Vprimers.fasta,/sc1/groups/pls-redbfx/immunoPETE/develop/Daedalus/data/Jprimers.fasta,/sc1/groups/pls-redbfx/immunoPETE/develop/Daedalus/data/Vgenes_cdna.fasta,/sc1/groups/pls-redbfx/immunoPETE/develop/Daedalus/data/Jgenes_cdna.fasta,/sc1/groups/pls-redbfx/immunoPETE/develop/Daedalus/data/V2.2_primers.csv,/sc1/groups/pls-redbfx/immunoPETE/develop/Daedalus/data/VJref.csv,/sc1/groups/pls-redbfx/immunoPETE/develop/Daedalus/data/synthetic_seqs_fixed.fasta,30,14,3,20,12,0.3,16,12,0.6,16,12,0.6,40,12,0.4,30,90,100,2,2,1,1,100,/sc1/groups/pls-redbfx/immunoPETE/swifr/bin/swifr2
iPETE_V2_Exp56_LibPool11_NextSeq_Run7_031320,NextSeq,Lib20_Exp56_Strp4_2,Hut78_TRB_2_6X_24X_LibAmp4,i7_sg22,ATCGCACT,i5_sg22,TCACGCTA,/sc1/groups/pls-redbfx/immunoPETE/develop/Daedalus/data/iPETEV2_Expt56_LibPool11_NexSeq_Run7_031320_MANIFEST.csv,OmicsBricks_ipeteV2_Expt56_testRun,/sc1/raw/illumina/nextseq/200313_NB551443_0103_AH3TJ5AFX2,100000,100,All,All,DNA,true,false,true,,NNNNNNNNN,R2,/sc1/groups/pls-redbfx/immunoPETE/develop/Daedalus/data/Vprimers.fasta,/sc1/groups/pls-redbfx/immunoPETE/develop/Daedalus/data/Jprimers.fasta,/sc1/groups/pls-redbfx/immunoPETE/develop/Daedalus/data/Vgenes_cdna.fasta,/sc1/groups/pls-redbfx/immunoPETE/develop/Daedalus/data/Jgenes_cdna.fasta,/sc1/groups/pls-redbfx/immunoPETE/develop/Daedalus/data/V2.2_primers.csv,/sc1/groups/pls-redbfx/immunoPETE/develop/Daedalus/data/VJref.csv,/sc1/groups/pls-redbfx/immunoPETE/develop/Daedalus/data/synthetic_seqs_fixed.fasta,30,14,3,20,12,0.3,16,12,0.6,16,12,0.6,40,12,0.4,30,90,100,2,2,1,1,100,/sc1/groups/pls-redbfx/immunoPETE/swifr/bin/swifr2
