sequence_id,sequence
IGHV3-38,GGTAGCACATACTACGCAGACTCC
IGLV5-48,GGATCCAAAGATGCTTCGACCAATG
IGHV3-22,GGACAACAGAATAGACCACGTCTGT
TRAV31,CCAATGCGACACAGGGTCAATATTC
IGHV3OR16-8,ACAACGCCAATAACTCACCGTATCT
IGHVII-30-21,GGAGCACAAATTACAACCCACTTCTC
IGLV1-36,TCTATTATGATGATCTGCTGCCCTCAG
TRBV7-3,GGGCTGCCCAAAGATCGGT
IGHV3-30,CAGAGACAATTCCAAGAACACGCTG
TRAV21,AGACTTAATGCCTCGCTGGATAAATCA
IGHV7-34-1,TGTCAGCACGGCGTGTCTT
IGLV2-8,GGTCAGTAAGCGGCCCTCAG
TRBV5-3,AGGGCGCCAGTTCCATGAC
TRBV15,ACACCCCTGATAACTTCCAATCCAG
IGHV1-58,CAGTGGTAACACAAACTACGCACAG
TRBV12-1,CCTGATGTATCATTCTCCACTCTGAGG
IGLV8-61,ATCTACAGCACAAACACTCGCTCT
IGLV3-2,GGGACGTACGGCCAGGATC
IGHV3OR16-6,GATTCACTTGCAGTAACGCCTGG
IGHV1OR16-1,GAGGGATCTACTCTGGCAATGGTAAG
TRBV12-3,CAACAACGTTCCGATAGATGATTCAGG
TRAV9-2,GCCACATACCGTAAAGAAACCACTTC
TRAV12-1,CCTAAGTTGCTGATGTCCGTATACTCC
TRBV30,TACTCCGTTGGTATTGGCCAGATC
IGLV1-41,CTCTCTAGACCAAGAATCACCGTGTC
TRAV35,GGTGAATTGACCTCAAATGGAAGACTG
IGLVV-66,GATTCCCAGTCACTAGTTCTCAGTCTC
IGKV2OR2-7,GGCAGTGGGTCGGGCATT
TRBV7-4,CAGAGTGATGCTCAACGAGACAAATC
IGHV7-56,TCTGTCAGCACGGCGGATC
TRAV8-4,CTGGTTAAAGGCATCAACGGTTTTGA
TRBV5-6,TCACCAGTTCCCTAACTATAGCTCTGA
TRBV11-2,CAGTTGCCTAAGGATCGATTTTCTGC
TRBV1,CTGACAGCTCTCGCTTATACCTTCAT
IGLVVI-22-1,CCACCAGAAATAAAGTAGAGCCCCA
TRAV14DV4,CAGAAGGTCGCTACTCATTGAATTTCC
IGLV3-9,AACACGGCCACCCTGACC
TRBV28,CTCTAGAGAGAAGAAGGAGCGCTTC
TRBV27,TGAAGGGTACAAAGTCTCTCGAAAAGA
IGHVIII-82,GCAACAGTGAGTTATCAGGGTTACTCT
IGHVII-28-1,AATTGTATCTGCTTGCCCCTAGAAGAT
TRAV1-2,CATTCCTTAGTCGGTCTAAAGGGTACA
IGLV1-40,GGTAACAGCAATCGGCCCTCA
TRDV3,GCAGATTTTACTCAAGGACGGTTTTCT
TRGV4,CCAGGGAAGTATGATACTTACGGAAGC
IGHV1OR15-3,CGCTGGCAATGGTAACACAAAATATTC
IGHV1-24,GTGAAACAATCTACGCACAGAAGTTCC
IGHV7-4-1,CACCTCTGTCAGCACGGCA
IGHV3-35,GTAGGACGCACTATGCAGACTCTG
TRAV23DV6,ATTGATAGCCATACGTCCAGATGTGAG
TRBV6-5,CCACAGAGGATTTCCCGCTCA
IGHV3-60,GTGGTGATACCGTACTCTACACAGAC
IGKV1OR2-11,GGCAGCGGATATGGAAGAGATTTCA
IGHV4-4,CCCTCAAGAGTCGAGTCACCATATC
TRAV17,ACAGTGGAAGATTAAGAGTCACGCTT
IGHVIII-5-2,GGGGACAACACTTAACATCACAATCTC
IGHV1OR16-4,GTGTCCTCCCCACAGGTGC
TRBV10-1,TTCACGACACTAACAAAGGAGAAGTCT
IGKV2-36,GAATTCTCAGACAGGTTCAGGGGTAAT
IGHV1OR16-2,GTAAGACAGGCTATGCACAGAAGTTTC
IGKV6D-41,CCAAAGCTCCTCATCAAGTATGCTTC
IGKV4-1,CGATTCAGTGGCAGCGGGT
IGLV3-30,CATGGCCACATATGAGCTGTCTCA
IGHV3-43,GTAGCACATACTATGCAGACTCTGTGA
TRBV5-1,TCGATTCTCAGGGCGCCAG
TRBV4-1,CCAAGTCGCTTCTCACCTGAATG
IGHV3-47,CCATCTCCAGAGACAACGCCA
IGKV2D-14,CTCCTGATTGATTTGGTTTCCAACAGG
TRBV3-1,AGTTCCAAATCGCTTCTCACCTAAATC
TRAV16,CTTAACAAAGGCGAGACATCTTTCCAC
IGLV3-22,TGATATACGAAGATAGTGAGCGGTACC
IGHV1-2,TGGCACAAACTATGCACAGAAGTTTC
IGHV3-54,ATGTTATGCACAATCTGTGAAGAGCAG
TRGV1,AATCACTCCAGGAAAGTATGACACTGG
TRBV16,CAAGGAAAGATTTTCAGCTAAGTGCCT
TRAV2,CGATACAACATGACCTATGAACGGTTC
TRBV9,AACATTCTTGAACGATTCTCCGCAC
IGKV3-25,GGTCGGGGACAGGGCTTAC
IGHV1-67,CCTGCAAGACTTGTGGATACACCTA
IGHV7-27,AGTCAAGTGAGACTTCACGCACT
IGLV7-35,CTTGGGTGTGCAGCCCGA
IGHV3-79,CGAGCAGATTCACCGTCTCCA
IGLVIV-64,ACTACCAAAATTCACTTCATGACCAGG
IGHV3-63,AGGACGTTTGTGTATTTTCAGGTGTTC
IGLV5-37,ATGCTTCAGCCAATACAGGGATTTTAC
TRBV24OR9-2,CGGTTGATCTATTGCTCCTTTGATGTC
IGKV2D-10,ATGCTGCGAAGACCCAACCT
IGLV2-14,TATGAGGTCAGTAATCGGCCCTCA
IGHVIII-11-1,TTGTACAGCCCAGCGGTTCA
TRAV8-7,GAGGCTGAATTTAAGAAGAGCGAAACC
TRBV7-1,AGCAGACAAATCGGGGCTTCC
IGHVII-53-1,CTCCAGATCCATGTCCAAAAAGCAG
TRBVB,CTGAGTCAGCATAGTCATTCCAACCA
IGHV3OR16-10,AGAGACAATGCCAAGAACTCCTTGTAT
IGLV3-27,AAAGACAGTGAGCGGCCCTC
IGKV1-27,ATCAGGGGTCCCATCTCGGT
IGLV8OR8-1,GGGGTCCCTGGTCGCTTC
TRBV13,GATAAAGGAAGCATCCCTGATCGATTC
IGHV1-17,AATGATAACACACACTACGCACAGAAG
IGKV2-19,TCTCGGGCAGGTTCAGCAG
TRBV6-1,CAATGTCTCCAGATTAAACAAACGGGA
TRBV10-2,AGTCCCCGATGGCTACGTTG
TRGV10,ATCCGCAGCTCGACGCAG
TRBV23-1,CACAAGAAGCGATTCTCATCTCAATGC
IGLV1-62,ATCACTGCCAGTCCCGTGAC
TRAV10,CAAAGTCGAACGGAAGATATACAGCAA
IGKV1OR22-1,CCTCAGGTACCAGACGTGATATCCA
IGLV5-45,GCTTCGGCCAATGCAGGGA
IGHV2OR16-5,AATGACAAAAAATCCTACAGCACGTCT
IGHV3OR16-12,GTAGTAGTGGTTGTAGCACAAACTACG
IGKV2D-26,CTGATCTATGAAGTTTCCAACCGGTTC
IGHV1-45,GTAACACCAACTACGCACAGAAATTCC
IGHV3-49,TACGCCGCGTCTGTGAAAGG
IGKV3OR22-2,CCTCCAGAGAAGTTATGTTGATGCAGT
IGKV1D-13,CTGATCTATGATGCCTCCAGTTTGGAA
IGHVII-43-1,CTCCAGATCTATGTCCAAAAACAGCTC
TRAV8-1,GTACTTTTCAGGGGATCCACTGGTTAA
IGHV3-76,GGTACAGCTTGGGGGGTCC
IGKV2D-40,AGCTCCTGATCTATACGCTTTCCTATC
IGKV1OR1-1,GGGGCAGACTACACTCTCACC
TRDV1,AAAAAGTGGTCGCTATTCTGTCAACTT
TRAV1-1,CGCTCTGATAGTTATGGTTACCTCCTT
IGLV5-52,CACTCAGACTCCAATAAGGGCCA
IGHVII-51-2,GCATAGGTCACGAGGGAGCA
IGHV5-51,AGTCCATCAGCACCGCCTAC
TRGV6,AGAAAATGCCTTCTACATCCACTGGTA
TRGV3,CACCGCAAGGGATGTGTTGG
IGLVIV-65,TGGATCCAATGATACATTAGCCAATGC
IGHVIII-26-1,TGGTTTCGGGTTTACTGGGTGC
TRBV6-7,AATGTCTCCAGATCAAACACAGAGGAT
TRAV39,ATTAATGGCCTCACTTGATACCAAAGC
IGKV1-37,GTTCCTAAGCTCCTGATCTATAGTGCA
IGLV3-15,AGTCACCCTCAGCGTCAGTG
TRBV7-6,GGCTGCCCAATGATCGGTTC
IGLV3-12,CGATAGCAACCGGCCCTCA
IGHV3-42,CTCATTTGCAGCTTCTAGATTCACCTT
TRGV5,TATGACGTCTCCAACTCAAAGGATGTG
IGKV2D-36,TTTATCTCCTGCAGGTCTAGTTAGAGC
TRBV25OR9-2,CTCCAGAATAAGGATAGAGCGTTTTCC
TRBV8-2,GAACAGTGTTCTGATATCGACAAGACC
TRBV5-2,GGAAACTTGCCTAATTGATTCTCAGCT
TRAV38-1,ATCGTTTCTCTGTGAACTTCCAGAAAG
IGHVII-44-2,TCCTTCTCCAGAGATTCATCCAAGAAA
TRBV25-1,GTCTCCAGAATAAGGACGGAGCATTT
IGLV7-46,CTGGACACCTGCCCGGTT
TRAV13-1,AAAGACCAACGAATTGCTGTTACATTG
TRAV15,GACAAACATTTTAAAGAAGCGCTTGGA
IGKV3-31,CAGTGGGTTCGGGGAAAACTTC
IGHV8-51-1,ATATGGCGTGGTGAAAGTCATCAATAC
TRBV7-2,GGCTGCCCAGTGATCGCTT
TRAV4,CAAAAGTTACAAACGAAGTGGCCTCC
IGLVIV-66-1,AGCCTGAGATCAAGTCCGACTATTAC
IGKV1D-37,AGCTCCTGATCTATAGTGCATCCAATT
IGLV7-43,AGGGCACTGATTTATAGTACAAGCAAC
IGLVI-68,GTGTCTGTCTTAATGTCCAGCGTC
TRBV22-1,GAGATCTAACTGAAGGCTACGTGTCT
IGLV2-11,TGATGTCAGTAAGCGGCCCTC
IGHV1OR15-6,TTGAGTGGATGGAACGTGTTGATCC
IGHV1-68,TGGTAACACCAACTATGCAAAGAAGTT
IGHVII-62-1,CATAGGTCATGAAGGGAGCACACATTA
IGKV1OR2-108,CAGTCGGGGGTCCCATCTC
IGLV3-1,TGCTGGTCATCTATCAAGATAGCAAGC
IGHV3OR16-16,GTGACAGAACAGTGGCTATGTGTG
IGLV2-28,TTTCCGGGCTCTCGGGCT
IGKV7-3,TTACCAAGCATCCAATAAAGACACTGG
IGKV1D-27,GCTTTGCAATCAGGGGGTCC
IGKV1-33,GATCTACGATGCATCCAATTTGGAAAC
TRAV8-6,CATCAACGGTTTTGAGGCTGAATTTAA
IGKV2-38,TGGGTCAGGCACATATTTTAAACTCAA
IGHV3-50,CCTGAGACTCTGCCGTGCA
IGKV2-29,AGCCGGTTCTCTGGAGTGC
IGKV2OR2-1,GGGGTCCCAGACAGGTTCAG
IGLV4-60,AGCGGAGTTCCTGATCGCT
TRAV29DV5,TGTTTTCTTAAACAAAAGTGCCAAGCA
IGKV1D-17,CCATCAAGGTTCAGCGGCAG
IGHV7-81,CAGGGCTTCACAGGACGGT
IGHV3-41,CTCCAGAGACAATTCTAAGAGCATGCT
TRAV30,TTCCTGATGATATTACTGAAGGGTGGA
IGHV3-29,GCCGAGTTCACCAGTCTCCA
IGKV1OR2-2,GGAAAACTCCTAAGCTCCTGATCTATG
TRBV20-1,CCACATACGAGCAAGGCGTC
TRBV18,GCCAAAGGAACGATTTTCTGCTGAAT
IGLV2-23,GGCAGTAAGCGGCCCTCA
IGLV4-69,GACGGGATCCCTGATCGCTT
IGKV1OR-3,AAGGAAAACTCCTAAGCTCCTGATCTA
IGLV6-57,TGATCTATGAGGATAACCAAAGACCCT
IGLV1-47,CATCTATAGTAATAATCAGCGGCCCTC
IGHV3-25,GCAAAGCCTGCGTGGTCC
IGKV2-30,TTTATAAGGTTTCTAACCGGGACTCTG
IGKV2-18,AGCTCCTGATTTATAGGGTTTCCAATC
IGHV3-15,CGCTGCACCCGTGAAAGG
IGKV2-10,CAATCTATTTGGTTTCCAATCACGACC
TRGV2,CAGGGAAGTATTATACTTACGCAAGCA
TRBV17,CAGTACCAAAACATTGCAGTTGATTCA
IGHVII-74-1,ACTACATCACAAACAGTGCTTATGACT
IGLVI-63,CCATTTTTGTGACCATCACTGTGCTA
IGLV2-33,CTGATTTACAATGTCAATACTCGGCCT
TRBV19,AGAAAGGAGATATAGCTGAAGGGTACA
TRAV18,CTATCAAGAGTGACAGTTCCTTCCACC
IGHV7-40,ACCAACGGCTTCACAGGACG
IGLVI-38,AGATCCAGAACTGATTCTTGAGTGATC
TRAV9-1,AGCCATGTACCGTAAAGAAACCACTT
IGHVII-22-1,TGCTTCTCCATTACAACCAGTGCTT
TRBV24-1,AAAGGAGAGATCTCTGATGGATACAGT
TRGV7,CCAGTCAGAAATCTTCCAACTTGCA
IGHV3-16,CTCCGTGAAGCGCCGATTC
TRBV5-4,TCTCCAGTTCCCTAATTATAGCTCTGA
IGHVII-33-1,CATCTCCAGATCCATGTCCAAAAAGTA
IGHV4-80,GGTGCAGCTGCAGGAGTGG
IGHV1OR15-4,GGTAACACAACATATGCACAGAAGTTC
IGLV10-67,GATTCCCTGGCTCCCGGTT
TRBV14,CAACAATCGATTCTTAGCTGAAAGGAC
TRBV5-5,AGCTCGCCAGTTCCCTAACTATAG
IGHV3OR16-11,CACATACTATGCAGACTCCGTGAAG
IGLV11-55,GGAGACCTCAAGTAACACAGCGTTT
IGKV3D-11,GCTCCTCATCTATGATGCATCCAAC
IGLVVI-25-1,GGACACCTGGCAGTCGGT
TRAV8-3,GAGGAGTCAATCTTCCTTCAATCTGAG
IGLV3-32,CGTGCTGGTCATCTATGATAGCAGTG
IGHV3OR15-7,AGCTAACAGTTACACGACAGAATATGC
IGHVIII-13-1,GTCAGACAGAGAAATACTACAGACCAG
IGHVIII-38-1,ACTCGCCTTCAGTACAAAGAAGATTAA
IGHV3-57,AAGTGGGAGTTCTCAGAGTTACTCTCC
IGHV1-69-2,GTCACCATAACCGCGGACAC
IGHV1-14,AGGGACACGTCCACGAGC
TRAV27,AAGCTGAAGAGACTAACCTTTCAGTTT
TRBV29-1,CCAAACCTAACATTCTCAACTCTGACT
TRAV26-2,CAGAGTACGTGATTCATGGTCTTACAA
IGHVII-65-1,CATCCATCACCCCCCGCA
IGHV3-32,GATGATGGAAGTCAGATACACCATGCA
TRDV2,GTGACATTGATATTGCAAAGAACCTGG
TRAV19,CTTATTCGTCGGAACTCTTTTGATGAG
TRAV34,GTCATGAAAAGATAACTGCCAAGTTGG
TRAV3,TCCTTCTGAAATACATCACAGGGGATA
TRAV24,GCCACTCTTAATACCAAGGAGGGTTAC
IGLV3-19,CCCCTGTACTTGTCATCTATGGTAAAA
TRAV20,GCTAAAAGCCACATTAACAAAGAAGGA
IGLV3-24,TAGGATCACCTGTAGGGAAAACAGTAT
TRAV12-3,CACAGGTCGATAAATCCAGCAAGTAT
IGHV3-6,GGGTCCCAGTTATTAGTGGTAGTGGTA
TRAV13-2,ATTCGTTCAAATATGGACAAAAGGCAA
IGHV3-52,AAAGTGTGACGGAAGTGAGAAATACTA
TRAV11,GTCTTTGACCTTAATTCAATCAAGCCA
IGLV3-31,GGTCATCTAACTTAACAGTGTCCAGTC
TRAV22,CGACTGTCGCTACGGAACG
IGLV3-16,CTGGTGATATATAAAGACAGCGAGAGG
IGKV1D-33,GCTCCTGATCTACGATGCATCCAATT
IGHVIII-2-1,GAGTGATCAAGTATGAATTCTCAGGGT
TRGV9,GGATAGGATACCTGAAACGTCTACATC
TRBV12-2,CCTGATGGATCATTCTCTACTCTGAAG
IGHV3-37,GAATGGGTCTCATACATTAGTGCTAGT
IGLV2-5,TGATGTTGGGAGTTATGACTATGTCTC
TRBV20OR9-2,GGCTCCGAGGTCACATACGA
IGHV4-55,TCGAATCACCATGTCCGTAGACA
IGHVII-49-1,TGCTTCTCCATCACAACCAGTG
IGKV1-16,CCATCAAAGTTCAGCGGCAGT
TRBV6-8,GCTGCTGGTACTACTGACAAAGAAGTC
IGKV1OR2-3,GGAAAGCACCTAAGTTCCTGACCTATA
TRAV26-1,GGCCACAGTATATCATTCATGGTCTAA
TRBV7-5,CCTTCCAGGATGAAACTCAACAAGATA
IGHV1-69D,CACGATTACCGCGGACGAAT
TRAV28,AAAAAAGAAGACTAAAATCCGCAGTCA
TRBV26OR9-2,GAGATGTCTCTGAGAGGTATCATGTTT
TRAV41,AAGCATGGAAGATTAATTGCCACAATA
IGLV10-54,AACTCCTATCCTACAGGAATAACAACC
TRAV7,GCAGAAAGGAAGACTAAATGCTACATT
IGKV1-22,AATCTGGGGTCCCGTCACG
IGHV3OR16-7,CTGGAGTGGGTTGGCCGTAT
TRGV8,ATCAGGAATCAGTCGAGAAAAGTATCA
IGHV2-5,ATTTATTGGGATGATGATAAGCGCTAC
TRBV21-1,AGAAAGCAGAAATAATCAATGAGCGAT
TRBV2,GCCTGATGGATCAAATTTCACTCTGA
IGLVIVOR22-2,GGCGTCCATGCTGATTTCTATTGGATA
IGLV9-49,CTCAGGCCTGAATCGGTACCT
IGHV3-30-2,ACAGTGTGATGGAAGTCAGATATGTTA
TRAV8-5,TTTGAAGCTGAATTTAAGAGGAGTCAA
TRAV32,GCTCACTGTACTGTTGAATAAAAATGC
TRAV33,CATCAGGGTTATTCTAAGTCAAATGCA
TRAV37,TGATACAAATGCTATCAACTGTGAGAG
TRBV22OR9-2,CTGAGACTGATCTATTACTCAAGGGTT
TRBV26,CCCTGTCTCTATTTGATCATCCATTTT
TRBVA,GCCGACTCATTATTCAGTTAACATTGA
TRAV5,GACCAAAGACTCACTGTTCTATTGAAT
TRAV6,CTTTGATACCACCCTTAAACAGAGTTT
TRAV12-2,TGTTCATATACTCCAATGGTGACAAAG
TRAV25,CATTTCAGTTTGGAGAAGCAAAAAAGA
TRAV36DV7,TGCTAACTTCAAGTGGAATTGAAAAGA
TRAV40,GGAGGCGGAAATATTAAAGACAAAAAC
TRBV6-2,GATGGCTACAATGTCTCCAGATTAAAA
TRBV6-4,CCATTATTCAAATACTGCAGGTACCAC
TRBV7-7,CAATTATGAAGCTCAACCAGACAAATC
TRBV7-9,CTTACTTCCAGAATGAAGCTCAACTAG
TRBV10-3,TGGTGTTAAAGATACTGACAAAGGAGA
IGKV1D-22,AGGGCATTTGCAATTATTTAAGCTAGT
IGKV1OR2-6,GCTCCTGATATATAGGGTATCCAGTTT
IGKV2D-18,TGATTTATAGGGTTTCCAGTCGTTTTT
IGKV2D-19,GCCTGATTTATGAAGTTTCTAACAGGA
IGKV2D-23,ACCTTTTACATGGTAATGGATACACCT
IGKV2OR2-2,AGCTCCTGATCTATTTTGTTTCAAACC
IGKV3D-34,GTGGATTTGATCTAGATTGCACAATTG
IGLV3-4,GAGAGGACTTAGAAAGCTATTATGCAC
IGLV3-26,CCTCATCCTCATAATTAACTCTCCTGT
IGLV3-29,TCACCTGTAGGGGAAATAATATTGGAA
IGLVIV-53,TCCAACAATGTAAATGTTTGCATTTCC
IGLVIV-59,AGTATCTCCTGATCTACCTCTCAAAAG
IGKV1D-42,CTAAGCTCTTCCTCTATGATGCAAAAG
IGKV2D-28,GCTCCTGATCTATTTGGGTTCTAATCG
IGKV2D-30,AGGCGCCTAATTTATAAGGTTTCTAAC
IGLV1-51,TTTATGACAATAATAAGCGACCCTCAG
TRGV5P,AGTATTATACTCATACACCGAGGAGGT
TRGVA,AAAGCAGATAAAATCATAGCCAAGGAT
TRGVB,CAAATATCACTTCAATAACAAGCCCCA
TRGV11,TTGAGGTAAGTAAAAATGCTCACACTT
IGHV1OR15-2,ACACTTACAATGGTAACACAAACTACC
IGHV3-36,TCATTTATGAGTTGTTGTGTAGGTAGC
IGHV3-75,GTCTCATGTATTAGTACTGATGGGAGT
IGHVII-1-1,GCCCTCTGGGAAGGCGCT
IGHVII-15-1,GGATTTCCAATCATAACCAGTACTTCC
IGHVIII-44,ACACTTTACAGACACCATCAATTTTCC
IGHVIII-76-1,ACCCTCCATCAATACAAAGAAAAATCA
IGHVIV-44-1,GTGATATGGGTTAAGGGAAACACTAAG
IGKV2-4,CTAACAAATTCTATGGAGTCCCAAACA
IGHV1-18,CGCTTACAATGGTAACACAAACTATGC
IGHV2-70,TGGGATGATGATAAATACTACAGCACA
IGHV2-70D,TTGGGATGATGATAAATTCTACAGCAC
IGHV4-28,CTATTATAGTGGGAGCACCTACTACAA
IGHV6-1,GTCCAAGTGGTATAATGATTATGCAGT
IGKV3-7,AGGGCCACTAGCATCCCAG
IGKV2-23,ACGGCCCTGTGTGACGCA
IGHVII-26-2,TAGACTGGATCATCAAGGAATACACAT
IGHV3OR16-13,GCACAAGCTACGCAGACTCC
IGHV3-13,GGTGACCCATACTATCCAGGCT
TRBV8-1,AGCATGACCAAAGGCGGTG
TRBV12-5,GCAACCGGGCTCCTCTAGA
IGHV3-73,ATGCTGCGTCGGTGAAAGG
IGKV3D-20,TGGCATCCCAGACAGGTTCA
IGKV3D-7,CCAGGTTCAGTGGCAGTGG
IGKV1D-35,CTCCTTCGCGGTTCGGTG
IGKV2OR22-3,GGTTTTGAACCGGGCCTCT
IGLV3-10,CAGCAAACGACCCTCCGGGA
IGHV5-78,CCTTCCAAGGCCACGTCA
IGKV2OR22-4,GTTTCCAACCGGGCCTCT
IGHV1OR15-9,AACCAGGGACACATCCATGG
IGHV1OR21-1,TAGTGATGGCAGCACAAGCT
IGKV3-20,CCACTGGCATCCCAGACAG
IGKV3OR2-5,GGATCCCCAGCTGCTCAAG
IGLVI-42,CCGTCTGTCTGTGGCTAAACC
IGKV2D-24,TGGGGTCCCAGACAGATTCA
IGLV3-25,AGGGACAACAGTCACGTTGAC
IGHV1-69,CACGATTACCGCGGACAAATC
IGKV1-39,GGGGTCCCATCAAGGTTCAG
IGKV1D-39,CCAGTTTGCAAAGTGGGGTC
IGKV1OR-2,CTCTCGGTTCAGTGACAGTGG
IGLV3-6,GCTTACACAGCCACCCTCA
IGHV3OR16-9,GTGGTTACACAAACTACGCAGAC
IGLV3-7,TCTGACTCCATATCAGAGAACATGG
IGLVI-70,AGGGATCCCTGACCGCTT
IGLV4-3,GGGATCCCCGATCGCTTC
IGHV3OR16-15,CGGTAAGACGCACTATGTGGA
IGHV2-26,TCGAATGACGAAAAATCCTACAGC
IGLVIVOR22-1,GATGCCCCTGAAAATGCAGG
IGLV3-17,CTGTGGACAGTCAGCAAGGGTAACC
TRAJ26,ACTTACAGGGCAGCACGGAC
IGHJ3,CCATCTTACCTGAAGAGACGGTGAC
IGLJ1,AGCCACTTACCTAGGACGGTGA
IGLJ5,GGGAAAAGACTCATCTAGGACGGTC
IGLJCOR18,CAGCTCCAGGCCTCCATGG
TRDJ2,AGGACTACGCTACAACAACCCTAAAG
TRBJ1-6,GGCACCCCCGAGTCAAGAG
TRBJ2-4,CCCGCACAAAAACCCGAGC
TRBJ1-3,CAGCCTTGACTTACTCACCTACAACA
TRAJ41,GGGGTGTGACCAACAGCGA
IGHJ2,GGGGCTGCAGTGGGACTC
TRAJ49,TGACTTACTTGGAATGACCGTCAAACT
IGHJ6,CTAGAGTGGCCATTCTTACCTGAGG
TRAJ19,CTGGCCCTATTTTCGAGTACAAAAGG
TRAJ38,AGGTTTGACAGAGTTAACACGAAGACT
TRBJ2-3,AGAAACTGGCCCTGCGACG
TRAJ29,GGCTAGAAACACTTACTTGCAATCACA
TRAJ27,CTAATGGTTTGATTGATTGCCCCTGAA
IGKJ1,TTCTACTCACGTTTGATTTCCACCTTG
TRAJ7,ATCCCAGCTCACTTACTTGGTATGAC
TRAJ13,TTTATGTGCTCCAAATGTTACGGTCTG
TRAJ3,CAAAGAAGAAATAGTTGTCCGTCCTCC
TRAJ4,CACCTGTTTTCTCATAGACAAGTGGTC
TRAJ40,ATACTCACTTGCTAAAACCTTCAGCCT
TRBJ2-7,CCGGTCCACCCTCCGACT
IGLJ6,CAGATCTCACCCTAGACCCAAAAGAA
TRAJ37,GAACAGAGTGGATAACTGCACTTCAC
TRAJ32,TAAGGGTGGCTGTCGCTTCC
TRBJ1-5,ATTCTGCAACTTACCTAGGATGGAGAG
TRAJ55,GGGACCTAATTTGTCGTGCTAAGACA
IGHJ1,CACCTGAGGAGACGGTGACC
TRBJ2-6,GTGGTCCCGCGAAAACTCAC
TRAJ1,ATGGGCAGACGTACGGGGA
TRAJ43,TCAGGTCAGCTTTTAAGATTGACCCAT
IGHJ3P,TCTGCTGGCCTCCCACGTA
TRAJ5,CTAAGTTTGGGTACTTACTTGGTTGCA
TRAJ20,TTCCTAGGTGAAATTGCTGAAAAACCT
TRDJ1,ATGGAGGATGCCTTAACCTTAAACTTC
TRAJ58,AGAAGCCATATCTCAATTCATTGGCAT
TRBJ1-2,CCAGCCTTACCTACAACGGTTAAC
TRAJ33,GCATGCTACACTTTGTGCATTATTCAA
TRBJ2-1,ACAGGGTTCTGGGGTCGTG
TRAJ44,CCGAGCGTGACCTGAAGTCT
IGKJ4,TAGGAAAGTGCACTTACGTTTGATCTC
TRAJ52,CAGAATTTCCAGTATACTGCTGTGTCT
TRAJ36,AGGTAAGGACTTACAGGGAATAACGGT
TRAJ17,ATACGGCACATTGAATTGCAAATTGAT
TRAJ35,ATATGATTTACGGACATAACAGCCCAC
TRAJ8,TGCAGATTTGACTTACTTGGACTGACC
TRGJP,CCTCCCATCCCTTCTTTACATTGCAA
TRAJ50,GCACAGTCATTTAAGCCCTAATGTATG
TRAJ60,TTAGGTATAGAGGGGTTCCGCTAAAG
TRAJ54,CCCTGTCATACTTACTTGGGTTGATAG
TRAJ30,CAGTGGGAGTTAATGTCAGAAAATCAC
TRAJ11,AGGATAACACGCAATACATATGGAAGC
TRDJ3,CTCACGGGGCTCCACGAA
TRAJ57,CAGACTTACATGGGTTTACTGTCAGTT
IGLJ4,AGTCACAGACAAAGATCGAAATCAGAA
TRBJ1-4,GGAACTCCGACCTTATGATACACTATC
TRBJ2-2,CCAACCGCCTCCTTACCCA
TRAJ14,AAATACTGCAGTAAGTTTAGTGGGTCT
TRAJ31,AACTTCACGGGATTTATTTGTTTGGTC
TRAJ6,ATACTTACACGGATGAACAATAAGGCT
TRAJ53,GAGGGGCAAGTAATTAAATCAGAAGTG
TRDJ4,AATGTAATTGCCAAACATAGTGGTCAT
TRBJ2-5,CCCGCAAAAACCAGACCCAA
IGLJ7,GGGGAGACTTACCGAGGACG
TRAJ28,TCGGGAAGAATAATTAGCCAGAAAGAA
TRAJ47,TGAGTGTGTTTTATACTCACAGGACTT
TRAJ21,GTGTTGGTAACTTTTTCTTCTAGGCAA
TRAJ39,TAGAGCATTCATTATGGATTCAGCAGA
TRAJ10,CTTTTCTTCCACTTATTGTCACCAGAA
TRAJ56,CAGGAGATTCGGTTATCTTTCACTGA
TRAJ9,AGGTTATTTCATGGAACTTACTTGCTT
TRAJ12,AGACATGAAGACATTTTACCCTCAATC
TRAJ16,AGTCCACTTAGATTTCCAAAAAAGCTT
TRAJ18,ATATTTTCCTGGAATAGAAAGCGACTC
TRAJ22,GTGCAAATAGTATTTAATTGAGGCAGC
TRAJ23,ATGGTGTATAATTGGGTCTAAATCAGC
TRAJ25,CCTCTTGGAGATAATCATATTCAGCAC
TRAJ34,CTCCTTGGTTTCTAGTACTTACTTGGA
TRAJ42,CCAACACTTACTTGGTTTAACAGAGAG
TRAJ46,GGCTAGAACAAATAATAGGAAAAGGCA
TRAJ48,CATCTCTACTATGATCCCCAGAATCTT
TRAJ59,GACACCTTTGGTTTAAAGATAGCTTCA
TRAJ61,TGTTAAGGCACATTAGAATCTCTCACT
TRBJ1-1,AAGAATATAGCCACTCTAAAAGGGACA
TRGJ1,TGTTGTATTCTTCCGATACTTACCTGT
TRGJP1,CAGAAAGAAAAGTTACTTACCAGGTGA
TRGJP2,AAAAATTACTTACCAGGCGAAGTTACT
IGHJ2P,GACCCCCGGGCTGAGACC
IGKJ2,TCAGTGGAAAAAAGTACTTACGTTTGA
IGKJ3,TGGCACTAAAATCTCACGAATAATTGA
IGKJ5,TCAGACCCAAATTTCAGAAGACAATAG
TRAJ2,CCATGGGGTTGCACGTGG
IGHJ1P,AACCCTGCGGCTGGTAGG
TRAJ45,GCCAAGGTTTAGAAATGTCCCCA
TRAJ51,TTTGACTCTCTTAGAATCCCTACAGG
IGLJ2,TCACCTAGGACGGTCAGCTT
TRAJ24,CTGGGGTGACCACAACCTG
TRBJ2-2P,CCAGGACAAAAACCGGTGC
