"","sequence_id","sequence"
"1","IGHV3-38","GGTAGCACATACTACGCAGACTCC"
"2","IGHV3-22","GGACAACAGAATAGACCACGTCTGT"
"3","IGHV3OR16-8","ACAACGCCAATAACTCACCGTATCT"
"4","IGHVII-30-21","GGAGCACAAATTACAACCCACTTCTC"
"5","TRBV7-3","GGGCTGCCCAAAGATCGGT"
"6","IGHV3-30","CAGAGACAATTCCAAGAACACGCTG"
"7","IGHV7-34-1","TGTCAGCACGGCGTGTCTT"
"8","TRBV5-3","AGGGCGCCAGTTCCATGAC"
"9","TRBV15","ACACCCCTGATAACTTCCAATCCAG"
"10","IGHV1-58","CAGTGGTAACACAAACTACGCACAG"
"11","TRBV12-1","CCTGATGTATCATTCTCCACTCTGAGG"
"12","IGHV3OR16-6","GATTCACTTGCAGTAACGCCTGG"
"13","IGHV1OR16-1","GAGGGATCTACTCTGGCAATGGTAAG"
"14","TRBV12-3","CAACAACGTTCCGATAGATGATTCAGG"
"15","TRBV30","TACTCCGTTGGTATTGGCCAGATC"
"16","TRBV7-4","CAGAGTGATGCTCAACGAGACAAATC"
"17","IGHV7-56","TCTGTCAGCACGGCGGATC"
"18","TRBV5-6","TCACCAGTTCCCTAACTATAGCTCTGA"
"19","TRBV11-2","CAGTTGCCTAAGGATCGATTTTCTGC"
"20","TRBV1","CTGACAGCTCTCGCTTATACCTTCAT"
"21","TRBV28","CTCTAGAGAGAAGAAGGAGCGCTTC"
"22","TRBV27","TGAAGGGTACAAAGTCTCTCGAAAAGA"
"23","IGHVIII-82","GCAACAGTGAGTTATCAGGGTTACTCT"
"24","IGHVII-28-1","AATTGTATCTGCTTGCCCCTAGAAGAT"
"25","IGHV1OR15-3","CGCTGGCAATGGTAACACAAAATATTC"
"26","IGHV1-24","GTGAAACAATCTACGCACAGAAGTTCC"
"27","IGHV7-4-1","CACCTCTGTCAGCACGGCA"
"28","IGHV3-35","GTAGGACGCACTATGCAGACTCTG"
"29","TRBV6-5","CCACAGAGGATTTCCCGCTCA"
"30","IGHV3-60","GTGGTGATACCGTACTCTACACAGAC"
"31","IGHV4-4","CCCTCAAGAGTCGAGTCACCATATC"
"32","IGHVIII-5-2","GGGGACAACACTTAACATCACAATCTC"
"33","IGHV1OR16-4","GTGTCCTCCCCACAGGTGC"
"34","TRBV10-1","TTCACGACACTAACAAAGGAGAAGTCT"
"35","IGHV1OR16-2","GTAAGACAGGCTATGCACAGAAGTTTC"
"36","IGHV3-43","GTAGCACATACTATGCAGACTCTGTGA"
"37","TRBV5-1","TCGATTCTCAGGGCGCCAG"
"38","TRBV4-1","CCAAGTCGCTTCTCACCTGAATG"
"39","IGHV3-47","CCATCTCCAGAGACAACGCCA"
"40","TRBV3-1","AGTTCCAAATCGCTTCTCACCTAAATC"
"41","IGHV1-2","TGGCACAAACTATGCACAGAAGTTTC"
"42","IGHV3-54","ATGTTATGCACAATCTGTGAAGAGCAG"
"43","TRBV16","CAAGGAAAGATTTTCAGCTAAGTGCCT"
"44","TRBV9","AACATTCTTGAACGATTCTCCGCAC"
"45","IGHV1-67","CCTGCAAGACTTGTGGATACACCTA"
"46","IGHV7-27","AGTCAAGTGAGACTTCACGCACT"
"47","IGHV3-79","CGAGCAGATTCACCGTCTCCA"
"48","IGHV3-63","AGGACGTTTGTGTATTTTCAGGTGTTC"
"49","TRBV24OR9-2","CGGTTGATCTATTGCTCCTTTGATGTC"
"50","IGHVIII-11-1","TTGTACAGCCCAGCGGTTCA"
"51","TRBV7-1","AGCAGACAAATCGGGGCTTCC"
"52","IGHVII-53-1","CTCCAGATCCATGTCCAAAAAGCAG"
"53","TRBVB","CTGAGTCAGCATAGTCATTCCAACCA"
"54","IGHV3OR16-10","AGAGACAATGCCAAGAACTCCTTGTAT"
"55","TRBV13","GATAAAGGAAGCATCCCTGATCGATTC"
"56","IGHV1-17","AATGATAACACACACTACGCACAGAAG"
"57","TRBV6-1","CAATGTCTCCAGATTAAACAAACGGGA"
"58","TRBV10-2","AGTCCCCGATGGCTACGTTG"
"59","TRBV23-1","CACAAGAAGCGATTCTCATCTCAATGC"
"60","IGHV2OR16-5","AATGACAAAAAATCCTACAGCACGTCT"
"61","IGHV3OR16-12","GTAGTAGTGGTTGTAGCACAAACTACG"
"62","IGHV1-45","GTAACACCAACTACGCACAGAAATTCC"
"63","IGHV3-49","TACGCCGCGTCTGTGAAAGG"
"64","IGHVII-43-1","CTCCAGATCTATGTCCAAAAACAGCTC"
"65","IGHV3-76","GGTACAGCTTGGGGGGTCC"
"66","IGHVII-51-2","GCATAGGTCACGAGGGAGCA"
"67","IGHV5-51","AGTCCATCAGCACCGCCTAC"
"68","IGHVIII-26-1","TGGTTTCGGGTTTACTGGGTGC"
"69","TRBV6-7","AATGTCTCCAGATCAAACACAGAGGAT"
"70","TRBV7-6","GGCTGCCCAATGATCGGTTC"
"71","IGHV3-42","CTCATTTGCAGCTTCTAGATTCACCTT"
"72","TRBV25OR9-2","CTCCAGAATAAGGATAGAGCGTTTTCC"
"73","TRBV8-2","GAACAGTGTTCTGATATCGACAAGACC"
"74","TRBV5-2","GGAAACTTGCCTAATTGATTCTCAGCT"
"75","IGHVII-44-2","TCCTTCTCCAGAGATTCATCCAAGAAA"
"76","TRBV25-1","GTCTCCAGAATAAGGACGGAGCATTT"
"77","IGHV8-51-1","ATATGGCGTGGTGAAAGTCATCAATAC"
"78","TRBV7-2","GGCTGCCCAGTGATCGCTT"
"79","TRBV22-1","GAGATCTAACTGAAGGCTACGTGTCT"
"80","IGHV1OR15-6","TTGAGTGGATGGAACGTGTTGATCC"
"81","IGHV1-68","TGGTAACACCAACTATGCAAAGAAGTT"
"82","IGHVII-62-1","CATAGGTCATGAAGGGAGCACACATTA"
"83","IGHV3OR16-16","GTGACAGAACAGTGGCTATGTGTG"
"84","IGHV3-50","CCTGAGACTCTGCCGTGCA"
"85","IGHV7-81","CAGGGCTTCACAGGACGGT"
"86","IGHV3-41","CTCCAGAGACAATTCTAAGAGCATGCT"
"87","IGHV3-29","GCCGAGTTCACCAGTCTCCA"
"88","TRBV20-1","CCACATACGAGCAAGGCGTC"
"89","TRBV18","GCCAAAGGAACGATTTTCTGCTGAAT"
"90","IGHV3-25","GCAAAGCCTGCGTGGTCC"
"91","IGHV3-15","CGCTGCACCCGTGAAAGG"
"92","TRBV17","CAGTACCAAAACATTGCAGTTGATTCA"
"93","IGHVII-74-1","ACTACATCACAAACAGTGCTTATGACT"
"94","TRBV19","AGAAAGGAGATATAGCTGAAGGGTACA"
"95","IGHV7-40","ACCAACGGCTTCACAGGACG"
"96","IGHVII-22-1","TGCTTCTCCATTACAACCAGTGCTT"
"97","TRBV24-1","AAAGGAGAGATCTCTGATGGATACAGT"
"98","IGHV3-16","CTCCGTGAAGCGCCGATTC"
"99","TRBV5-4","TCTCCAGTTCCCTAATTATAGCTCTGA"
"100","IGHVII-33-1","CATCTCCAGATCCATGTCCAAAAAGTA"
"101","IGHV4-80","GGTGCAGCTGCAGGAGTGG"
"102","IGHV1OR15-4","GGTAACACAACATATGCACAGAAGTTC"
"103","TRBV14","CAACAATCGATTCTTAGCTGAAAGGAC"
"104","TRBV5-5","AGCTCGCCAGTTCCCTAACTATAG"
"105","IGHV3OR16-11","CACATACTATGCAGACTCCGTGAAG"
"106","IGHV3OR15-7","AGCTAACAGTTACACGACAGAATATGC"
"107","IGHVIII-13-1","GTCAGACAGAGAAATACTACAGACCAG"
"108","IGHVIII-38-1","ACTCGCCTTCAGTACAAAGAAGATTAA"
"109","IGHV3-57","AAGTGGGAGTTCTCAGAGTTACTCTCC"
"110","IGHV1-69-2","GTCACCATAACCGCGGACAC"
"111","IGHV1-14","AGGGACACGTCCACGAGC"
"112","TRBV29-1","CCAAACCTAACATTCTCAACTCTGACT"
"113","IGHVII-65-1","CATCCATCACCCCCCGCA"
"114","IGHV3-32","GATGATGGAAGTCAGATACACCATGCA"
"115","IGHV3-6","GGGTCCCAGTTATTAGTGGTAGTGGTA"
"116","IGHV3-52","AAAGTGTGACGGAAGTGAGAAATACTA"
"117","IGHVIII-2-1","GAGTGATCAAGTATGAATTCTCAGGGT"
"118","TRBV12-2","CCTGATGGATCATTCTCTACTCTGAAG"
"119","IGHV3-37","GAATGGGTCTCATACATTAGTGCTAGT"
"120","TRBV20OR9-2","GGCTCCGAGGTCACATACGA"
"121","IGHV4-55","TCGAATCACCATGTCCGTAGACA"
"122","IGHVII-49-1","TGCTTCTCCATCACAACCAGTG"
"123","TRBV6-8","GCTGCTGGTACTACTGACAAAGAAGTC"
"124","TRBV7-5","CCTTCCAGGATGAAACTCAACAAGATA"
"125","IGHV1-69D","CACGATTACCGCGGACGAAT"
"126","TRBV26OR9-2","GAGATGTCTCTGAGAGGTATCATGTTT"
"127","IGHV3OR16-7","CTGGAGTGGGTTGGCCGTAT"
"128","IGHV2-5","ATTTATTGGGATGATGATAAGCGCTAC"
"129","TRBV21-1","AGAAAGCAGAAATAATCAATGAGCGAT"
"130","TRBV2","GCCTGATGGATCAAATTTCACTCTGA"
"131","IGHV3-30-2","ACAGTGTGATGGAAGTCAGATATGTTA"
"132","TRBV22OR9-2","CTGAGACTGATCTATTACTCAAGGGTT"
"133","TRBV26","CCCTGTCTCTATTTGATCATCCATTTT"
"134","TRBVA","GCCGACTCATTATTCAGTTAACATTGA"
"135","TRBV6-2","GATGGCTACAATGTCTCCAGATTAAAA"
"136","TRBV6-4","CCATTATTCAAATACTGCAGGTACCAC"
"137","TRBV7-7","CAATTATGAAGCTCAACCAGACAAATC"
"138","TRBV7-9","CTTACTTCCAGAATGAAGCTCAACTAG"
"139","TRBV10-3","TGGTGTTAAAGATACTGACAAAGGAGA"
"140","IGHV1OR15-2","ACACTTACAATGGTAACACAAACTACC"
"141","IGHV3-36","TCATTTATGAGTTGTTGTGTAGGTAGC"
"142","IGHV3-75","GTCTCATGTATTAGTACTGATGGGAGT"
"143","IGHVII-1-1","GCCCTCTGGGAAGGCGCT"
"144","IGHVII-15-1","GGATTTCCAATCATAACCAGTACTTCC"
"145","IGHVIII-44","ACACTTTACAGACACCATCAATTTTCC"
"146","IGHVIII-76-1","ACCCTCCATCAATACAAAGAAAAATCA"
"147","IGHVIV-44-1","GTGATATGGGTTAAGGGAAACACTAAG"
"148","IGHV1-18","CGCTTACAATGGTAACACAAACTATGC"
"149","IGHV2-70","TGGGATGATGATAAATACTACAGCACA"
"150","IGHV2-70D","TTGGGATGATGATAAATTCTACAGCAC"
"151","IGHV4-28","CTATTATAGTGGGAGCACCTACTACAA"
"152","IGHV6-1","GTCCAAGTGGTATAATGATTATGCAGT"
"153","IGHVII-26-2","TAGACTGGATCATCAAGGAATACACAT"
"154","IGHV3OR16-13","GCACAAGCTACGCAGACTCC"
"155","IGHV3-13","GGTGACCCATACTATCCAGGCT"
"156","TRBV8-1","AGCATGACCAAAGGCGGTG"
"157","TRBV12-5","GCAACCGGGCTCCTCTAGA"
"158","IGHV3-73","ATGCTGCGTCGGTGAAAGG"
"159","IGHV5-78","CCTTCCAAGGCCACGTCA"
"160","IGHV1OR15-9","AACCAGGGACACATCCATGG"
"161","IGHV1OR21-1","TAGTGATGGCAGCACAAGCT"
"162","IGHV1-69","CACGATTACCGCGGACAAATC"
"163","IGHV3OR16-9","GTGGTTACACAAACTACGCAGAC"
"164","IGHV3OR16-15","CGGTAAGACGCACTATGTGGA"
"165","IGHV2-26","TCGAATGACGAAAAATCCTACAGC"
"166","IGHJ3","GTCACCGTCTCTTCAGGTAAGATGG"
"167","TRBJ1-6","CTCTTGACTCGGGGGTGCC"
"168","TRBJ2-4","GCTCGGGTTTTTGTGCGGG"
"169","TRBJ1-3","TGTTGTAGGTGAGTAAGTCAAGGCTG"
"170","IGHJ2","GAGTCCCACTGCAGCCCC"
"171","IGHJ6","CCTCAGGTAAGAATGGCCACTCTAG"
"172","TRBJ2-3","CGTCGCAGGGCCAGTTTCT"
"173","TRBJ2-7","AGTCGGAGGGTGGACCGG"
"174","TRBJ1-5","CTCTCCATCCTAGGTAAGTTGCAGAAT"
"175","IGHJ1","GGTCACCGTCTCCTCAGGTG"
"176","TRBJ2-6","GTGAGTTTTCGCGGGACCAC"
"177","IGHJ3P","TACGTGGGAGGCCAGCAGA"
"178","TRBJ1-2","GTTAACCGTTGTAGGTAAGGCTGG"
"179","TRBJ2-1","CACGACCCCAGAACCCTGT"
"180","TRBJ1-4","GATAGTGTATCATAAGGTCGGAGTTCC"
"181","TRBJ2-2","TGGGTAAGGAGGCGGTTGG"
"182","TRBJ2-5","TTGGGTCTGGTTTTTGCGGG"
"183","TRBJ1-1","TGTCCCTTTTAGAGTGGCTATATTCTT"
"184","IGHJ2P","GGTCTCAGCCCGGGGGTC"
"185","IGHJ1P","CCTACCAGCCGCAGGGTT"
"186","TRBJ2-2P","GCACCGGTTTTTGTCCTGG"
